3087LXLJ6MS4XWT106VOG4SU7TYF0U,A29VL3MZE7YPBZ,3
32PT7WK7DMR3G4E2SNIHU2NGYS2D3C,A29VL3MZE7YPBZ,5
32ZCLEW0BZWNQFJH0H1ZA3LU88RJP8,A29VL3MZE7YPBZ,5
33NKDW9FFXU5RAF2CGUUHCU2KNRCXB,A29VL3MZE7YPBZ,3
33P2GD6NRN4QOIRBZPT629JG16HHK0,A29VL3MZE7YPBZ,4
33Q5P9PUSPYUW5FHDYIFEXADSNPCZ8,AEF601SQFOSBL,4
34OWYT6U3WT63HJ41AK2CC6FQPK9IR,A29VL3MZE7YPBZ,4
34R3P23QHSDHJILSO3C9QKDBODQHWW,A29VL3MZE7YPBZ,5
351S7I5UG98NNU74K2O76EGZ8TQJNC,A29VL3MZE7YPBZ,5
3538U0YQ1F60EOSYJTD7I2Q1A5IF3P,A29VL3MZE7YPBZ,5
359AP8GAGGWBCV9BU3QWNDHEIUC7CB,A2HM35CWB7IIFM,4
367O8HRHKGKU0PGOPRIPZ61MDV84SI,A29VL3MZE7YPBZ,3
36D1BWBEHNDHZGOW1G3FUI5I1SUM2S,A29VL3MZE7YPBZ,3
375VSR8FVWLY2740VV8A3S9ZSORZR0,A29VL3MZE7YPBZ,5
388CL5C1RJZ18O9TKP57H9WVQ6MHL3,A29VL3MZE7YPBZ,4
38DCH97KHHE8QRKW0UGOA8B4D4DJQZ,A29VL3MZE7YPBZ,2
3ATYLI1PRTE55F7GLHOKL3G4Y3VJOR,A29VL3MZE7YPBZ,4
3CVBMEMMXBS2T3KRGV4XY4EUVMH7HK,A29VL3MZE7YPBZ,3
3DFYDSXB2WC0IKRDH30TK98TGPJJU4,A29VL3MZE7YPBZ,4
3DTJ4WT8BDR9T3ZV9POA4LAGDZ2EZ3,A1MIR0TP081SKT,5
3FW4EL5A3L0RSCK3RYKVF9RKVND22H,A29VL3MZE7YPBZ,3
3G57RS03HHHJR93Q9HMTDGUWFX425I,A29VL3MZE7YPBZ,4
3G5RUKN2ECFYHIUVYQXUHK2WCOE9N7,A29VL3MZE7YPBZ,5
3G9UA71JVV6YK9FH4V7IAHU98EL7JP,A29VL3MZE7YPBZ,5
3I01FDIL6MKEVMIJON4CBSIOSE2D21,A299J4PKHAEU9H,4
3I4E7AFQ2KBLI7COHYAJFDMRXBCJTD,A29VL3MZE7YPBZ,3
3I7KR83SNAPX9C9S1D5EPSLSIT99K2,A29VL3MZE7YPBZ,5
3IVKZBIBJ0LOC14J4Y28TVAQI0UHSH,A29VL3MZE7YPBZ,5
3IZPORCT1FLCBM46P9233L5UWYBHRT,A29VL3MZE7YPBZ,3
3KI0JD2ZU1UMWE0AKCDT1DP4M8176J,A29VL3MZE7YPBZ,4
3KTCJ4SCVGDAAV60IC31PZVD9MGM1B,A29VL3MZE7YPBZ,3
3L60IFZKF3UZMSQ3T4Q9PH3O9PDHHW,A29VL3MZE7YPBZ,5
3LEG2HW4UFZBT6WFFTZ2ZSL94RIF2E,A29VL3MZE7YPBZ,5
3M93N4X8HKZK37Z9SY5T58Q5VSYJSO,A1IZ4NX41GKU4X,2
3MD8CKRQZZZ82SZWD95OFYL99QFJR0,A29VL3MZE7YPBZ,3
3MXX6RQ9EVHXNX0WXAEV41WBQB14P2,A1IZ4NX41GKU4X,5
3N2YPY1GI6ASKJUL8SZ7JFXKPOWEV3,A29VL3MZE7YPBZ,4
3NRZ1LDP7WIDQUOLI34LYX9KR63ZP8,A1IZ4NX41GKU4X,5
3ODOP6T3ASW1VQZQVC3J8OOIF1924D,A29VL3MZE7YPBZ,3
3OZ4VAIBEXR0VZGDMTAYGVACUWSJVT,A1IZ4NX41GKU4X,4
3PKJ68EHDN8VDYLTH4TU1UJ3MHHHJ1,A29VL3MZE7YPBZ,3
3QTFNPMJC6UDN9C82ORTU84PRR2ZNC,A29VL3MZE7YPBZ,2
3RDTX9JRTYD9EX28IJG5LNG6C9979U,A29VL3MZE7YPBZ,5
3RIHDBQ1NEALE6REK16MHMBKQBCHM5,A29VL3MZE7YPBZ,5
3S37Y8CWI8CN76XX9WSQWV47J844WX,A29VL3MZE7YPBZ,5
3SBX2M1TKDZIN91BXNTK46MLV7N4QT,A29VL3MZE7YPBZ,5
3T5ZXGO9DE0YQ6P0IGJAY2ZUW2PZQZ,A29VL3MZE7YPBZ,3
3TC2K6WK9GE2ERMS7FTWP04NHN528K,A29VL3MZE7YPBZ,5
3TRB893CSJMOT7PGWPMFD42TGM47GL,A320QA9HJFUOZO,4
3TY2U1TEB7MR44GJ54WFD7ZIZ9LJJ8,A299J4PKHAEU9H,4
3UQVX1UPFSTKW2HPCBGHWLY5YPT20X,A29VL3MZE7YPBZ,5
3URJ6VVYUPZF2XOVIA1GF1RLG654OL,A29VL3MZE7YPBZ,3
3UUSLRKAULFLHNFPUZL77JZW3UO7DB,A1MTRZDRKNB9GV,5
3UV0D2KX1MVLWKB2J7IQS7I7O5EF4A,A29VL3MZE7YPBZ,3
3VLL1PIENQ0V5UCK33R69X4UH17ZOR,A29VL3MZE7YPBZ,5
3VW0145YLYOH5CM48197TZRZ33GJMC,A1MIR0TP081SKT,5
3X4Q1O9UBHYCLK6EK8ZNIDBV78V7O8,A1MIR0TP081SKT,4
3XEIP58NL0ZNZ99NQBBEHG00MW2ZLA,A29VL3MZE7YPBZ,3
3XH7ZM9YX26JWGMNRXEBQ476DL39RV,A29VL3MZE7YPBZ,3
3YKP7CX6G2RS2QH5G3U1CTBW09C7B4,A29VL3MZE7YPBZ,3
3ZLW647WAL7GDUGMVYY0YJWC11D23S,A29VL3MZE7YPBZ,4
3ZXNP4Z39RX4FZ3H7GJVQW71C3Q7LR,A29VL3MZE7YPBZ,4
