3FTID4TN8LANUJZIUP9V39RYHX4LY2,A29VL3MZE7YPBZ,4
335VBRURDJCUNCHI5RUBRX8NZRI9EE,A29VL3MZE7YPBZ,4
3H781YYV6TUD7RQW3XZSIX9ZTYLETJ,A1MIR0TP081SKT,4
3IWA71V4TISGBT612PHRVC2SPWL6X9,A29VL3MZE7YPBZ,5
3JU8CV4BRLO1RQAEGUT4IZ2G8X6OPS,A1IZ4NX41GKU4X,5
337F8MIIMZPUZGWCGPZ5P0V3JYU40R,A2UO3QJZNC2VOE,2
3QGHA0EA0JC7S5I6OB2D49ADUVQBW6,A1MIR0TP081SKT,1
31ANT7FQN8EN6Z68S2P00K0Y5BRH5B,A29VL3MZE7YPBZ,1
3N2YPY1GI6ASKJUL8SZ7JFXKQJ1EVZ,A1IZ4NX41GKU4X,5
3KTCJ4SCVGDAAV60IC31PZVDAHLM17,A1MIR0TP081SKT,5
3P888QFVX36MR2BTG78TI4SQDTSOQJ,A29VL3MZE7YPBZ,2
3XEDXEGFX30FDILF1HMLWHKZGKKK0X,A29VL3MZE7YPBZ,5
3IZVJEBJ6AW5GO6G375CSXI3XWJ6Z6,A29VL3MZE7YPBZ,5
36KM3FWE3RORI3EVINXCSCFDA0K70E,A3CR9XJAL7U5JW,2
382GHPVPHS3QG8V9ZCHORYTAMAE43M,A29VL3MZE7YPBZ,4
3W0XM68YZP7FK76XX0QLAM39LCQK10,A1IZ4NX41GKU4X,3
3Q2T3FD0ONK6KYKF5GHKDSAA81ZM3Z,A29VL3MZE7YPBZ,3
30OITAWPBQF67M8KVS2HC050R7A9HU,A29VL3MZE7YPBZ,5
3EGKVCRQFW4BHAD63CK1P6VT53QBY5,A29VL3MZE7YPBZ,3
3421H3BM9AT2YS3AJS52ODLF4ZE9JZ,A1MIR0TP081SKT,5
3TTPFEFXCTWJP36MXLZ5SQEY162H6R,A29VL3MZE7YPBZ,5
3NQUW096N6K8TIRAMDHF4SY78OJ9L1,A1IZ4NX41GKU4X,5
37M4O367VJU9YD7JJZ5DSP8UMXQM5P,A1IZ4NX41GKU4X,3
3DQYSJDTYLNKO8ZG870P70U56U9EX2,A2UO3QJZNC2VOE,4
3H5TOKO3D9VPDRIRIEFMY15UW1G46S,A1MIR0TP081SKT,2
3V8JSVE8YY29ODPQD3MRQE1E803EY8,A29VL3MZE7YPBZ,2
307FVKVSYRR8HRWW1OKE4F5QRC047R,A29VL3MZE7YPBZ,3
3JHB4BPSFKLJKF7NEIPBLEX1IU69QQ,A29VL3MZE7YPBZ,5
3I7SHAD35M8OLHL27SKAQ9MQD3LM74,A29VL3MZE7YPBZ,4
3DTJ4WT8BDR9T3ZV9POA4LAGEU7EZZ,A29VL3MZE7YPBZ,5
3XH7ZM9YX26JWGMNRXEBQ476EG89RR,A29VL3MZE7YPBZ,4
37VUR2VJ6A1X19U95N9NM3Q1G3HC1F,A299J4PKHAEU9H,4
3T8DUCXY0NIWCVZFVMJ6QJ8O2159T4,A29VL3MZE7YPBZ,5
3BFNCI9LYK2NZVDS1AFVUADKDC4739,A29VL3MZE7YPBZ,4
3V0TR1NRVAEQ0TUU8RWYE67GSK64AI,A1MIR0TP081SKT,3
3TFJJUELSH14QUC5OR91RM0689VC2W,A29VL3MZE7YPBZ,4
307FVKVSYRR8HRWW1OKE4F5QRC074U,A1IZ4NX41GKU4X,2
3V7ICJJAZASVJ3ZME5WU9HRMA2R4BD,A1MIR0TP081SKT,4
3KTZHH2ONIRSLVQLHXCG49ILONRM8R,A29VL3MZE7YPBZ,4
32W3UF2EZOXET8RSS5SPK1X4SNR4CK,A29VL3MZE7YPBZ,5
3EHIMLB7F7B6THPAQ0W3C4AP71SH8D,A1MIR0TP081SKT,4
30OITAWPBQF67M8KVS2HC050R7AH92,A2HM35CWB7IIFM,2
3Z33IC0JC0YBPN340HJLR1W9ZML9VK,A29VL3MZE7YPBZ,5
32W3UF2EZOXET8RSS5SPK1X4SNRC4S,A29VL3MZE7YPBZ,1
3UOMW19E6DIWPRVS6ABZPT3ISJMC5X,A29VL3MZE7YPBZ,4
3SZYX62S5GCQDA0WFT3O97B4R8V75Z,A29VL3MZE7YPBZ,3
3J9L0X0VDFYO4C39QROHD3FN6VN9WU,A29VL3MZE7YPBZ,2
379OL9DBSSQSTHY95S65Y003H3N9YT,ARLGZWN6W91WD,4
